btk_id,medical_record,bam_path,bed_path,birthday,sex,tissue,mean_depth,covered_sites,n_valid_sites,percent_valid_sites,id,btk_short,include,group
000007028770,3377/2021,/media/BTK/2024/06/21-ONT/000007028770/hg38/000007028770.bam.genozip,/media/BTK/2024/06/21-ONT/000007028770/hg38/epi/modkit.bed.gz,,XX,,12.921,28672632,23227810,81.01038648980673,N39,7028770,1,Normal
000007028880,3377/2021,/media/BTK/2024/06/21-ONT/000007028880/hg38/000007028880.bam.genozip,/media/BTK/2024/06/21-ONT/000007028880/hg38/epi/modkit.bed.gz,,XX,,14.469,28829604,23427209,81.2609462134825,N36,7028880,1,Normal
000007029030,22311/2023,/media/BTK/2024/06/21-ONT/000007029030/hg38/000007029030.bam.genozip,/media/BTK/2024/06/21-ONT/000007029030/hg38/epi/modkit.bed.gz,,XX,,15.808,28714798,23249720,80.96772960060522,N35,7029030,1,Normal
000007029040,22311/2023,/media/BTK/2024/06/21-ONT/000007029040/hg38/000007029040.bam.genozip,/media/BTK/2024/06/21-ONT/000007029040/hg38/epi/modkit.bed.gz,,XX,,11.996,28798637,23166963,80.44465090483274,N34,7029040,1,Normal
000007029220,1566/2013,/media/BTK/2024/06/21-ONT/000007029220/hg38/000007029220.bam.genozip,/media/BTK/2024/06/21-ONT/000007029220/hg38/epi/modkit.bed.gz,,XX,,10.345,28624519,22868351,79.89077825202932,N30,7029220,1,Normal
000007029250,35242/2023,/media/BTK/2024/06/21-ONT/000007029250/hg38/000007029250.bam.genozip,/media/BTK/2024/06/21-ONT/000007029250/hg38/epi/modkit.bed.gz,,XX,,16.646,28767950,23513137,81.73379403120487,N28,7029250,1,Normal
000007029310,16836/2021,/media/BTK/2024/06/21-ONT/000007029310/hg38/000007029310.bam.genozip,/media/BTK/2024/06/21-ONT/000007029310/hg38/epi/modkit.bed.gz,,XX,,19.644,28727744,23443943,81.60732356846398,N26,7029310,1,Normal
000007029350,38259/2023,/media/BTK/2024/06/21-ONT/000007029350/hg38/000007029350.bam.genozip,/media/BTK/2024/06/21-ONT/000007029350/hg38/epi/modkit.bed.gz,,XX,,13.71,28672954,23285965,81.21229853052462,N23,7029350,1,Normal
000007029580,27547/2020,/media/BTK/2024/06/21-ONT/000007029580/hg38/000007029580.bam.genozip,/media/BTK/2024/06/21-ONT/000007029580/hg38/epi/modkit.bed.gz,,XX,,10.86,28646841,23112125,80.67948923233804,N17,7029580,1,Normal
000007029610,30216/2020,/media/BTK/2024/06/21-ONT/000007029610/hg38/000007029610.bam.genozip,/media/BTK/2024/06/21-ONT/000007029610/hg38/epi/modkit.bed.gz,,XX,,12.21,28651613,23187700,80.92982409053201,N16,7029610,1,Normal
000007029640,39234/2023,/media/BTK/2024/06/21-ONT/000007029640/hg38/000007029640.bam.genozip,/media/BTK/2024/06/21-ONT/000007029640/hg38/epi/modkit.bed.gz,,XX,,12.842,28814113,23331773,80.97342090662309,N82,7029640,1,Normal
000007029690,28820/2021,/media/BTK/2024/06/21-ONT/000007029690/hg38/000007029690.bam.genozip,/media/BTK/2024/06/21-ONT/000007029690/hg38/epi/modkit.bed.gz,,XX,,15.411,28689566,23431564,81.67277260311292,N79,7029690,1,Normal
000007029750,19910/2023,/media/BTK/2024/06/21-ONT/000007029750/hg38/000007029750.bam.genozip,/media/BTK/2024/06/21-ONT/000007029750/hg38/epi/modkit.bed.gz,,XX,,14.364,28692685,23326733,81.29853654337333,N14,7029750,1,Normal
000007029790,39443/2023,/media/BTK/2024/06/21-ONT/000007029790/hg38/000007029790.bam.genozip,/media/BTK/2024/06/21-ONT/000007029790/hg38/epi/modkit.bed.gz,,XX,,17.904,28752777,23486948,81.68584203188443,N75,7029790,1,Normal
000007029820,26088/2023,/media/BTK/2024/06/21-ONT/000007029820/hg38/000007029820.bam.genozip,/media/BTK/2024/06/21-ONT/000007029820/hg38/epi/modkit.bed.gz,,Xy,,17.567,28905851,23788722,82.29725532038479,N73,7029820,1,Normal
000007029850,39699/2023,/media/BTK/2024/06/21-ONT/000007029850/hg38/000007029850.bam.genozip,/media/BTK/2024/06/21-ONT/000007029850/hg38/epi/modkit.bed.gz,,XX,,20.983,28723569,23708314,82.53958273778582,N72,7029850,1,Normal
000007029860,39699/2023,/media/BTK/2024/06/21-ONT/000007029860/hg38/000007029860.bam.genozip,/media/BTK/2024/06/21-ONT/000007029860/hg38/epi/modkit.bed.gz,,XX,,13.449,28831215,23412401,81.20504460183173,N12,7029860,1,Normal
000007029870,39699/2023,/media/BTK/2024/06/21-ONT/000007029870/hg38/000007029870.bam.genozip,/media/BTK/2024/06/21-ONT/000007029870/hg38/epi/modkit.bed.gz,,XX,,22.631,28743320,23711945,82.4954980844245,N11,7029870,1,Normal
000007029910,30787/2023,/media/BTK/2024/06/21-ONT/000007029910/hg38/000007029910.bam.genozip,/media/BTK/2024/06/21-ONT/000007029910/hg38/epi/modkit.bed.gz,,XX,,14.031,28690209,23287300,81.16810860457656,N70,7029910,1,Normal
000007029920,1518/2020,/media/BTK/2024/06/21-ONT/000007029920/hg38/000007029920.bam.genozip,/media/BTK/2024/06/21-ONT/000007029920/hg38/epi/modkit.bed.gz,,XX,,18.774,28743877,23468579,81.64722872979175,N69,7029920,1,Normal
000007029930,896/2020,/media/BTK/2024/06/21-ONT/000007029930/hg38/000007029930.bam.genozip,/media/BTK/2024/06/21-ONT/000007029930/hg38/epi/modkit.bed.gz,,XX,,19.809,28886585,23672127,81.94851347087237,N68,7029930,1,Normal
000007029940,896/2020,/media/BTK/2024/06/21-ONT/000007029940/hg38/000007029940.bam.genozip,/media/BTK/2024/06/21-ONT/000007029940/hg38/epi/modkit.bed.gz,,XX,,18.294,28727829,23448730,81.62374539336057,N10,7029940,1,Normal
000007029950,11552/2023,/media/BTK/2024/06/21-ONT/000007029950/hg38/000007029950.bam.genozip,/media/BTK/2024/06/21-ONT/000007029950/hg38/epi/modkit.bed.gz,,XX,,19.268,28890715,23825754,82.4685508821779,N66,7029950,1,Normal
000007030020,11776/2022,/media/BTK/2024/06/21-ONT/000007030020/hg38/000007030020.bam.genozip,/media/BTK/2024/06/21-ONT/000007030020/hg38/epi/modkit.bed.gz,,XX,,19.719,28905071,23700035,81.99265450688567,N8,7030020,1,Normal
000007030050,25887/2023,/media/BTK/2024/06/21-ONT/000007030050/hg38/000007030050.bam.genozip,/media/BTK/2024/06/21-ONT/000007030050/hg38/epi/modkit.bed.gz,,XX,,18.594,28850198,23553089,81.63926292637575,N59,7030050,1,Normal
000007030080,35952/2023,/media/BTK/2024/06/21-ONT/000007030080/hg38/000007030080.bam.genozip,/media/BTK/2024/06/21-ONT/000007030080/hg38/epi/modkit.bed.gz,,XX,,20.833,28896372,23808932,82.39419121542316,N7,7030080,1,Normal
000007030100,36760/2023,/media/BTK/2024/06/21-ONT/000007030100/hg38/000007030100.bam.genozip,/media/BTK/2024/06/21-ONT/000007030100/hg38/epi/modkit.bed.gz,,XX,,14.558,28685580,23204380,80.89214162655941,N6,7030100,1,Normal
000007030110,36760/2023,/media/BTK/2024/06/21-ONT/000007030110/hg38/000007030110.bam.genozip,/media/BTK/2024/06/21-ONT/000007030110/hg38/epi/modkit.bed.gz,,XX,,16.44,28848115,23402916,81.12459340930941,N5,7030110,1,Normal
000007030120,36760/2023,/media/BTK/2024/06/21-ONT/000007030120/hg38/000007030120.bam.genozip,/media/BTK/2024/06/21-ONT/000007030120/hg38/epi/modkit.bed.gz,,XX,,14.362,28833770,23305996,80.82881981787328,N53,7030120,1,Normal
000007030140,39140/2023,/media/BTK/2024/06/21-ONT/000007030140/hg38/000007030140.bam.genozip,/media/BTK/2024/06/21-ONT/000007030140/hg38/epi/modkit.bed.gz,,XX,,18.682,28721766,23467461,81.70619104688758,N4,7030140,1,Normal
000007030150,39564/2023,/media/BTK/2024/06/21-ONT/000007030150/hg38/000007030150.bam.genozip,/media/BTK/2024/06/21-ONT/000007030150/hg38/epi/modkit.bed.gz,,XX,,21.913,28796295,23831936,82.76042456156252,N51,7030150,1,Normal
000007030180,6748/2020,/media/BTK/2024/06/21-ONT/000007030180/hg38/000007030180.bam.genozip,/media/BTK/2024/06/21-ONT/000007030180/hg38/epi/modkit.bed.gz,,Xy,,18.382,28898804,23635838,81.78829130783404,N50,7030180,1,Normal
000007030190,6748/2020,/media/BTK/2024/06/21-ONT/000007030190/hg38/000007030190.bam.genozip,/media/BTK/2024/06/21-ONT/000007030190/hg38/epi/modkit.bed.gz,,XX,,18.011,28760491,23501745,81.7153817019327,N3,7030190,1,Normal
000007030200,6748/2020,/media/BTK/2024/06/21-ONT/000007030200/hg38/000007030200.bam.genozip,/media/BTK/2024/06/21-ONT/000007030200/hg38/epi/modkit.bed.gz,,XX,,10.749,28763856,23231975,80.76794363036723,N48,7030200,1,Normal
000007030210,7067/2023,/media/BTK/2024/06/21-ONT/000007030210/hg38/000007030210.bam.genozip,/media/BTK/2024/06/21-ONT/000007030210/hg38/epi/modkit.bed.gz,,XX,,17.571,28726939,23552976,81.9891600702741,N47,7030210,1,Normal
000007030230,7067/2023,/media/BTK/2024/06/21-ONT/000007030230/hg38/000007030230.bam.genozip,/media/BTK/2024/06/21-ONT/000007030230/hg38/epi/modkit.bed.gz,,XX,,11.878,28816117,23326825,80.9506187110498,N2,7030230,1,Normal
000007030260,33792/2023,/media/BTK/2024/06/21-ONT/000007030260/hg38/000007030260.bam.genozip,/media/BTK/2024/06/21-ONT/000007030260/hg38/epi/modkit.bed.gz,,XX,,17.473,28684545,23567484,82.16091278421882,N46,7030260,1,Normal
000007030290,32004/2023,/media/BTK/2024/06/21-ONT/000007030290/hg38/000007030290.bam.genozip,/media/BTK/2024/06/21-ONT/000007030290/hg38/epi/modkit.bed.gz,,XX,,12.41,28859724,23083381,79.98476007601458,N45,7030290,1,Normal
000007030340,24683/2020,/media/BTK/2024/06/21-ONT/000007030340/hg38/000007030340.bam.genozip,/media/BTK/2024/06/21-ONT/000007030340/hg38/epi/modkit.bed.gz,,Xy,,14.302,28857685,23812315,82.51637302160586,N44,7030340,1,Normal
000007030360,2674/2021,/media/BTK/2024/06/21-ONT/000007030360/hg38/000007030360.bam.genozip,/media/BTK/2024/06/21-ONT/000007030360/hg38/epi/modkit.bed.gz,,XX,,10.812,28691310,22879196,79.74259802009738,N42,7030360,1,Normal
000007030410,37408/2023,/media/BTK/2024/06/21-ONT/000007030410/hg38/000007030410.bam.genozip,/media/BTK/2024/06/21-ONT/000007030410/hg38/epi/modkit.bed.gz,,XX,,17.137,28865313,23596674,81.74750781327054,N41,7030410,1,Normal
000007044630,4940/2024,/media/BTK/2025/05/4-ONT/000007044630/hg38/000007044630.bam.genozip,/media/BTK/2025/05/4-ONT/000007044630/hg38/epi/modkit.bed.gz,,Xy,,10.863,28732268,23176509,80.66369490915231,K6,7044630,1,Kabuki
000007045200,3934/2024,/media/BTK/2025/05/4-ONT/000007045200/hg38/000007045200.bam.genozip,/media/BTK/2025/05/4-ONT/000007045200/hg38/epi/modkit.bed.gz,,Xy,,11.143,28732520,23017372,80.10913069929126,K1,7045200,1,Kabuki
000007103280,20936/2024,/media/BTK/2025/06/24-ONT/000007103280/hg38/000007103280.bam.genozip,/media/BTK/2025/06/24-ONT/000007103280/hg38/epi/modkit.bed.gz,,,,14.075,28886705,23544074,81.50487914769096,K3,7103280,1,Kabuki
000007141290,11585/2025,/media/BTK/2025/09/25-ONT/000007141290/hg38/000007141290.bam.genozip,/media/BTK/2025/09/25-ONT/000007141290/hg38/epi/modkit.bed.gz,,XX,,19.943,28631974,21960818,76.70032810172293,K27,7141290,1,Kabuki
000007171700,3768/2021,/media/BTK/2025/10/19-ONT/000007171700/hg38/000007171700.bam.genozip,/media/BTK/2025/10/19-ONT/000007171700/hg38/epi/modkit.bed.gz,,XX,,15.573,28608165,25405335,88.80448990698983,K11,7171700,1,Kabuki
000007171730,16850/2019,/media/BTK/2025/10/19-ONT/000007171730/hg38/000007171730.bam.genozip,/media/BTK/2025/10/19-ONT/000007171730/hg38/epi/modkit.bed.gz,,Xy,,13.31,28722399,25445803,88.59219245579034,K14,7171730,1,Kabuki
000007171740,2700/2024,/media/BTK/2025/10/19-ONT/000007171740/hg38/000007171740.bam.genozip,/media/BTK/2025/10/19-ONT/000007171740/hg38/epi/modkit.bed.gz,,Xy,,23.084,28785455,25991382,90.29345549688202,K15,7171740,1,Kabuki
000007172340,22323/2025,/media/BTK/2025/10/19-ONT/000007172340/hg38/000007172340.bam.genozip,/media/BTK/2025/10/19-ONT/000007172340/hg38/epi/modkit.bed.gz,,XX,,34.105,28652204,26309512,91.82369356298035,K9,7172340,1,Kabuki
000007175430,24211/2017,/media/BTK/2025/10/19-ONT/000007175430/hg38/000007175430.bam.genozip,/media/BTK/2025/10/19-ONT/000007175430/hg38/epi/modkit.bed.gz,,XX,,14.572,28587354,25500880,89.20335893976056,K21,7175430,1,Kabuki
000007175440,26409/2022,/media/BTK/2025/10/19-ONT/000007175440/hg38/000007175440.bam.genozip,/media/BTK/2025/10/19-ONT/000007175440/hg38/epi/modkit.bed.gz,,XX,,20.855,28631010,26048289,90.97928784209847,K22,7175440,1,Kabuki
000007175450,25417/2023,/media/BTK/2025/10/19-ONT/000007175450/hg38/000007175450.bam.genozip,/media/BTK/2025/10/19-ONT/000007175450/hg38/epi/modkit.bed.gz,,Xy,,20.74,28763332,26283238,91.37758448847303,K23,7175450,1,Kabuki
000007175470,39945/2023,/media/BTK/2025/10/19-ONT/000007175470/hg38/000007175470.bam.genozip,/media/BTK/2025/10/19-ONT/000007175470/hg38/epi/modkit.bed.gz,,Xy,,23.999,28770725,26162777,90.93541090813666,K25,7175470,1,Kabuki
000027000110,22915/2023,/media/BTK/2024-sci/10-ONT/ONT/000027000110/hg38/000027000110.bam.genozip,/media/BTK/2024-sci/10-ONT/ONT/000027000110/hg38/epi/modkit.bed,,,,11.678,28770690,23399639,81.33151829170589,sot328,27000110,1,Sotos
000027000160,13487/2023,/media/BTK/2024-sci/10-ONT/ONT/000027000160/hg38/000027000160.bam.genozip,/media/BTK/2024-sci/10-ONT/ONT/000027000160/hg38/epi/modkit.bed,,,,15.349,28833796,23493202,81.47800587893457,sot321,27000160,1,Sotos
000027000190,11790/2019,/media/BTK/2024-sci/10-ONT/ONT/000027000190/hg38/000027000190.bam.genozip,/media/BTK/2024-sci/10-ONT/ONT/000027000190/hg38/epi/modkit.bed,,,,10.789,28617627,23048626,80.53996231064163,sot102,27000190,1,Sotos
000027005730,6903/2015,/media/BTK/2025-sci/2/4-ONT/000027005730/hg38/000027005730.bam.genozip,/media/BTK/2025-sci/2/4-ONT/000027005730/hg38/epi/modkit.bed,,,,12.398,28609672,23178509,81.01633950924008,sot025,27005730,1,Sotos
000027005740,24101/2017,/media/BTK/2025-sci/2/4-ONT/000027005740/hg38/000027005740.bam.genozip,/media/BTK/2025-sci/2/4-ONT/000027005740/hg38/epi/modkit.bed,,,,11.293,28583718,23238246,81.29889190762377,sot029,27005740,1,Sotos
000027005770,,/media/BTK/2025-sci/2/4-ONT/000027005770/hg38/000027005770.bam.genozip,/media/BTK/2025-sci/2/4-ONT/000027005770/hg38/epi/modkit.bed,,,,20.645,28725493,23988571,83.50969294069209,sot144,27005770,1,Sotos
000027005800,27453/2022,/media/BTK/2025-sci/2/4-ONT/000027005800/hg38/000027005800.bam.genozip,/media/BTK/2025-sci/2/4-ONT/000027005800/hg38/epi/modkit.bed,,,,19.017,28841038,24046054,83.37444026806526,sot313,27005800,1,Sotos
000027005810,14092/2017,/media/BTK/2025-sci/4/2-ONT/000027005810/hg38/000027005810.bam.genozip,/media/BTK/2025-sci/4/2-ONT/000027005810/hg38/epi/modkit.bed.gz,,Xy,,12.2,28832639,23367814,81.04639329060375,sot276,27005810,1,Sotos
000027005820,3260/2018,/media/BTK/2025-sci/2/4-ONT/000027005820/hg38/000027005820.bam.genozip,/media/BTK/2025-sci/2/4-ONT/000027005820/hg38/epi/modkit.bed,,,,14.171,28801312,23700414,82.28935542936378,sot030,27005820,1,Sotos
000027005880,29746/2024,/media/BTK/2025-sci/2/4-ONT/000027005880/hg38/000027005880.bam.genozip,/media/BTK/2025-sci/2/4-ONT/000027005880/hg38/epi/modkit.bed,,,,22.805,28772177,24116273,83.81803365105115,sot371,27005880,1,Sotos
000027007520,1595/2015,/media/BTK/2025-sci/3/1-ONT/000027007520/hg38/000027007520.bam.genozip,/media/BTK/2025-sci/3/1-ONT/000027007520/hg38/epi/modkit.bed,,,,10.814,28790908,23482469,81.56209939610102,RSTSm2,27007520,1,RSTS
000027007680,18717/2022,/media/BTK/2025-sci/3/1-ONT/000027007680/hg38/000027007680.bam.genozip,/media/BTK/2025-sci/3/1-ONT/000027007680/hg38/epi/modkit.bed,,,,11.113,28800805,23169017,80.44572712464114,RSTSm20,27007680,1,RSTS
000027007740,9988/2021,/media/BTK/2025-sci/3/1-ONT/000027007740/hg38/000027007740.bam.genozip,/media/BTK/2025-sci/3/1-ONT/000027007740/hg38/epi/modkit.bed,,,,10.326,28768500,23275191,80.90512539757026,RSTSm26,27007740,1,RSTS
000027007750,7825/2016,/media/BTK/2025-sci/5/5-ONT/000027007750/hg38/000027007750.bam.genozip,/media/BTK/2025-sci/5/5-ONT/000027007750/hg38/epi/modkit.bed,,,,12.667,28855846,23547624,81.60434457544582,RSTSm27,27007750,1,RSTS
000027007770,7389/2018,/media/BTK/2025-sci/3/1-ONT/000027007770/hg38/000027007770.bam.genozip,/media/BTK/2025-sci/3/1-ONT/000027007770/hg38/epi/modkit.bed,,,,20.805,28955122,23737929,81.9817958287311,RSTSm29,27007770,1,RSTS
000027007780,87225/2014,/media/BTK/2025-sci/3/1-ONT/000027007780/hg38/000027007780.bam.genozip,/media/BTK/2025-sci/3/1-ONT/000027007780/hg38/epi/modkit.bed,,,,12.185,28831040,23127986,80.21904863646958,RSTSm30,27007780,1,RSTS
000027007790,22456/2018,/media/BTK/2025-sci/3/1-ONT/000027007790/hg38/000027007790.bam.genozip,/media/BTK/2025-sci/3/1-ONT/000027007790/hg38/epi/modkit.bed,,,,15.899,28737196,23404191,81.44215253290542,RSTSm31,27007790,1,RSTS
000027007820,5621/2018,/media/BTK/2025-sci/3/1-ONT/000027007820/hg38/000027007820.bam.genozip,/media/BTK/2025-sci/3/1-ONT/000027007820/hg38/epi/modkit.bed,,,,14.813,28742829,23070255,80.26438524892592,RSTSm34,27007820,1,RSTS
000027007830,3086/2018,/media/BTK/2025-sci/3/1-ONT/000027007830/hg38/000027007830.bam.genozip,/media/BTK/2025-sci/3/1-ONT/000027007830/hg38/epi/modkit.bed,,,,21.195,28813141,23807520,82.62729842608968,RSTSm35,27007830,1,RSTS
000027007840,1933/2015,/media/BTK/2025-sci/3/1-ONT/000027007840/hg38/000027007840.bam.genozip,/media/BTK/2025-sci/3/1-ONT/000027007840/hg38/epi/modkit.bed,,,,11.661,28979766,23266615,80.28572418424635,RSTSm36,27007840,1,RSTS
000027007900,1323/2022,/media/BTK/2025-sci/3/1-ONT/000027007900/hg38/000027007900.bam.genozip,/media/BTK/2025-sci/3/1-ONT/000027007900/hg38/epi/modkit.bed,,,,11.781,28709950,23397920,81.49759926436654,RSTSm43,27007900,1,RSTS
000027007990,15211/2018,/media/BTK/2025-sci/3/1-ONT/000027007990/hg38/000027007990.bam.genozip,/media/BTK/2025-sci/3/1-ONT/000027007990/hg38/epi/modkit.bed,,,,13.79,28690542,23293734,81.18959202652916,RSTSm52,27007990,1,RSTS
000027008020,14135/2017,/media/BTK/2025-sci/3/1-ONT/000027008020/hg38/000027008020.bam.genozip,/media/BTK/2025-sci/3/1-ONT/000027008020/hg38/epi/modkit.bed,,,,14.381,28744658,23734473,82.57003092539838,RSTSm55,27008020,1,RSTS
